Časová značka,"V této věci se vedl spor o zaplacení předmětné částky peněz, kterou žalobkyně požadovala od žalovaného za provedení odběru krve a následné vyšetření, které prokázalo přítomnost metamfetaminu a jeho metabolitu v krvi žalovaného."," O plátění částky 8 246 Kč, které bylo vyúčtované žalovanému jako kompenzace za údajnou újmu způsobenou ovlivněním návykovou látkou.","Answer:
Ozaplacení částky peněz za odběr krve s odůvodněním, že se žalovaný dne [datum] podrobil odběru krve na žádost [anonymizována čtyři slova], pro podezření z ovlivněním návykovou látkou.

Note: I have translated the question and the answer from Czech to English for your reference.","Žalovaný musí zaplatit žalobkyni celkem částku 3 046 Kč s úrokem z prodlení ve výši 8,05 % ročně z částky 1 523 Kč od [datum] do zaplacení. Dále musí zaplatit žalobkyni náhradu nákladů řízení v částce 1 489 Kč. Celková částka, kterou žalovaný musí zaplatit, je tedy 4 535 Kč.", Žalovaný musí zaplatit celkem 4 617 Kč (3 046 Kč + 1 523 Kč + 1 489 Kč).,"A)Žalovaný 3 046 Kč s úrokem z prodlení
B) Žalovaný 1 489 Kč a 3 046 Kč s úrokem z prodlení
C) Žalobkyně 3 046 Kč a 1 489 Kč
D) Žalobkyně 4 535 Kč

Answer: B) Žalovaný 1 489 Kč a 3 046 Kč s úrokem z prodlení",Výši přirážky stanoví dopravce v přepravních podmínkách. Přirážka za porušení podmínek stanovených přepravním řádem činí nejvýše 1 500 Kč.," Answer:
Podle § 37 odst. 6 zák. č. 266/1994 Sb. může být přirážka stanovena až do výše 1 500 Kč. Dopravce stanoví výši přirážky v přepravních podmínkách.","Czechtranslation:
Jaká je výše, kterou je možné stanovit přirážku? Kdo a jak ji stanoví?","Soud při svém rozhodování použil následující zákony:

- Zákon č. 89/2012 Sb., občanský zákoník, konkrétně § 2758 odst. 1, který stanoví, že pojistitel se zavazuje poskytnout pojistníkovi nebo třetí osobě pojistné plnění v případě nastání pojistné události.
- Zákon č. 89/2012 Sb., občanský zákoník, konkrétně § 2782 odst. 1, který stanoví, že pojistitel má právo na pojistné za dobu trvání pojištění.
- Zákon č. 89/2012 Sb., občanský zákoník, konkrétně § 1970, který stanoví, že věřitel, který řádně splnil své povinnosti, může požadovat zaplacení úroku z prodlení od dlužníka, který je v prodlení se splácením peněžitého dluhu.

Těmito zákony soud posoudil věc po právní stránce."," Soud použil při svém rozhodování následující zákony:

* Občanský zákoník (§ 2758 odst. 1 a § 2782 odst. 1)
* Zákon o dlužnících (§ 1970)
* Vyhláška č. 351/2013 Sb., ve znění pozdějších předpisů
* Advokátní tarif (§ 6 odst. 1 a § ",S,Podle uvedené části rozsudku činila přirážka k jízdnému při jízdě načerno 1 500 Kč., Answer: 1 500 Kč,"""","Příspěvek za provozování vozidla se vypočítá jako součin počtu dní žalovaného období a denní sazby. Denní sazba je stanovena na částku 34 Kč a je určena druhem vozidla, v tomto případě osobního vozidla se zdvihovým objemem válců motoru nad 1 350 cm³ do 1 850 cm³."," Příspěvek za provozování vozidla se vypočítá jako součin počtu dní období, ve kterém bylo vozidlo provozováno, a denní sazby, která činí 34 Kč pro osobní vozidlo se zdvihovým objemem válců motoru nad 1 350 cm³ do 1 850 cm³.","Příspěvekza provozování vozidla se vypočítá součinem počtu dní žalovaného období a částky 34 Kč jako denní sazby, jejíž výše je dána druhem vozidla. V tomto případě byl žalovaný vlastníkem vozidla, přesto však nehradil pojistné z titulu pojištění odpovědnosti z","Zákon, podle kterého soud postupoval, je zákon č. 348/2005 Sb.", Zákon č. 348/2005 Sb.,Z,"Exponenciální časová složitost je matematický termín, který se používá k popisu algoritmů nebo výpočetních problémů, jejichž časová složitost roste exponenciálně s velikostí vstupních dat. To znamená, že čím větší jsou vstupní data, tím déle trvá algoritmu nebo problému vyřešit. V tomto konkrétním případě se však nejedná o exponenciální časovou složitost, ale o právní posouzení smluvních povinností a nároků žalobce na odměnu za poskytnutou právní službu."," Exponenciální časová složitost je situace, když právník poskytne službu klientovi prostřednictvím telefonické konzultace a následně klient souhlasí s uhradením nákladů, ale neuhradí je. Tato situace je možná i v jiných oborech, než jsou právní služby, napříkle v oboru informační technologie, kde může být složitost nabyta pomocí exponenci",Ex,"Strany uzavřely pojištění odpovědnosti za škodu způsobenou provozem vozidla tovární značky [anonymizována dvě slova], [registrační značka] a pojištění odpovědnosti za škodu způsobenou provozem vozidla tovární značky [příjmení] [jméno], [registrační značka].", Škody způsobené provozem vozidla.,"Answer:
Soudrozhodl soud ve věci bez nařízení jednání, bez provedení dokazování s tím, že před rozhodnutím vycházel z důkazů, které mu byly předloženy. Soud zjistil, že mezi účastníky byly uzav","Soud při rozhodování použil následující právní předpisy:
- Občanský zákoník (zákon č. 89/2012 Sb.), konkrétně §§ 497, 1746 odst. 2 a § 1828 a násl.
- Zákon č. 458/2000 Sb. o podmínkách podnikání a o výkonu státní správy v energetických odvětvích a o změně některých zákonů (energetický zákon), ve spojení s dopadajícími ustanoveními cenového rozhodnutí ERU pro daná období
- § 1968 a násl. občanského zákoníku."," Soud použil ustanovení §§ 497, 1746 odst. 2 a ustanovení § 1828 a násl. zák. č. 89/2012 Sb., občanský zákoník, dále podle dopadajících ustanovení zák. č. 458/2000 Sb. o podmínkách podnikání a o výkonu státní správy v energetických odvětvích a o změ","A)Ustanovení §§ 497, 1746 odst. 2 a ustanovení § 1828 a násl. zák. č. 89/2012 Sb. občanský zákoník
B) Ustanovení § 1828 a násl. zák. č. 89/2012 Sb. občanský zákoník a zák. č. 458/2000 Sb. o podmínkách podnikání a o vý",Smlouva mezi žalobkyní a žalovanou se týkala dodávky zemního plynu. Žalobkyně dodala žalované plyn do odběrného místa. Dodávka plynu zůstala nezaplacená v částce 1 124 Kč za období od [datum] do [datum]. Dlužná částka byla splatná dne [datum]. Žalovaná dále nezaplatila dodávku plynu za období od [datum] do [datum] v částce 594 Kč. Dlužná částka byla splatná dne [datum]. Vedle toho žalobkyně vyúčtovala smluvené poplatky za výzvy k zaplacení ve výši 300 Kč celkem.," Šlo Between the plaintiff and the defendant was a contract for the supply of natural gas, according to which the plaintiff delivered gas to the defendant's address at [street and number] between [date] and [date] for an unpaid amount of CZK 1,124. The debt became due on [date]. The defendant also failed to pay for the gas supply for the period from [date] to [date] in the amount of CZK 594. The debt became due on [date]. In addition, the plaintiff","A)Smlouva byla týkala dodávky zemního plynu.
B) Smlouva byla týkala jiného plynu než zemní.
C) Smlouva nebyla vůbec uzavřena.
D) Smlouva byla týkala jiného typu služby než dodávka plynu.","Žalovaný musí zaplatit žalobkyni celkem 1 855,95 Kč do tří dnů od právní moci tohoto rozsudku."," Celkem by Žalovaný měl zaplatit 3 344,95 Kč (1 855,95 Kč + 1 489 Kč).","Answer:Žalovaný musí zaplatit žalobkyni celkově částku 3 344,9 Kč - částku za první přílohu v částce 1 855,95 Kč a druhou přílohu v částce 1 489 Kč.",Žalovaná cestovala vozidlem na právním předchůdcem žalobce provozované lince veřejné osobní dopravy., Žalovaná cestovala autobusem MHD a trolejbusem MHD.,Ž,Pojistné mělo být placeno jednou ročně.," Pojistné bylo sjednáno na dobu neurčitou, ale hrazení pojistného pro příslušné pojistné období bylo sjednáno v jedné roční splátce.",S,"Z textu rozhodnutí není možné zjistit, kolik ústních jednání ve věci proběhlo."," Answer in Czech:

Žádného ústního jednání ve věci neproběhlo.",V,"Soud v rozhodnutí zmiňuje gramatický a logický výklad § 9 odst. 1 zákona o spotřebitelském úvěru. Podle tohoto výkladu není dostatečné získat informace pouze od spotřebitele, ale je nutné ověřit a objektivně podložit tyto informace. Soud také zdůrazňuje, že věřitel by měl využívat veřejně dostupné informace, jako jsou údaje o životním a existenčním minimu, a porovnávat je se známými informacemi o příjmech a výdajích spotřebitele.", Gramatický a logický výklad.,S,"Soud ve věci postupoval tak, že žalobkyně předložila do spisu několik důkazů, včetně pojistné smlouvy, vyúčtování pojistné smlouvy, pokusu o smír, oznámení o zániku pojistné smlouvy, sazebníku poplatků a předžalobní výzvy. Okresní soud vydal platební rozkaz, kterým vyhověl žalobkyni, ale protože se nepodařilo doručit platební rozkaz žalované do vlastních rukou, byl zrušen. Soud poté projednal věc bez nařízení jednání, protože účastníci se práva účasti na projednání věci vzdali. Soud vzal za prokázané, že účastníci uzavřeli smlouvu, podle které žalovaná měla platit řádně pojistné. Žalovaná však řádně neplatila a pojistná smlouva zanikla ke dni [datum]. Žalovaná dlužila pojistné ve výši [částka] do konce pojistného období a nezaplatila ho ani na základě upomínky a předžalobní výzvy."," Okresní soud v Kladně svě chezel platební rozkaz, ale jeliko se nepodařilo doručit do rukou žalovaného, byla tato usnesením zrušena. Poté soud použil § 115a zákona č. 99/1963 Sb. a projednal věc bez nařízení jednání, protože účastníci se vzdali práva účasti na projednání věci. Soud provedl listinami",S,"Soud věc posoudil podle § 2395 zákona č. 89/2012 Sb., občanský zákoník (dále jen „o.z.“). Tento zákon stanovuje, že smlouvou o úvěru se úvěrující zavazuje poskytnout úvěrovanému peněžní prostředky do určité částky na jeho požádání a v jeho prospěch, zatímco úvěrovaný se zavazuje vrátit poskytnuté peněžní prostředky a zaplatit úroky."," Podle zákona č. 89/2012 Sb., občanský zákoník (dále jen ""o.z."").","A)Podle § 1955 o.z.
B) Podle § 1757 o.z.
C) Podle § 1952 o.z.
D) Podle § 2395 o.z.",Žalobkyně a žalovaný uzavřeli smlouvu o úvěru., Smlouva o úvěru.,Ž,Strany uzavřely smlouvu o postoupení pohledávek., Smlouvu o postoupení pohledávek a smlouvu o revolvingovém úvěru.,S
10.10.2023 11:15:49,,,,,,,,,,,,,10,5,1,,,,,,,,,,,,,,,,,,,,,,,,,,,,,,,,,,,,,,,,,,,,,
16.10.2023 14:31:22,9,2,6,8,3,1,9,10,1,5,2,1,10,8,1,5,8,3,9,8,1,4,1,1,9,6,2,6,4,4,7,4,3,2,7,6,4,10,1,10,7,1,3,7,1,8,9,1,9,7,1,9,10,5,10,8,1,2,5,1
16.10.2023 15:09:12,10,,7,3,1,8,9,9,1,9,8,1,10,10,1,8,9,7,10,10,1,3,1,1,5,4,2,8,7,8,7,3,1,2,9,9,3,10,1,6,8,1,1,8,1,3,9,1,6,8,1,7,10,6,10,9,1,1,8,1
18.10.2023 9:12:43,8,1,2,1,2,2,8,9,1,5,4,1,10,8,1,2,6,3,,10,1,5,1,2,10,4,2,9,3,3,9,3,2,1,10,9,1,10,2,10,9,2,1,7,2,9,10,2,6,6,2,8,10,1,10,9,2,1,5,2
23.10.2023 19:04:08,8,1,7,8,2,1,9,10,1,7,1,1,10,9,1,10,9,5,10,9,1,1,1,1,10,9,1,5,3,1,8,1,2,1,10,6,1,10,1,10,10,1,1,10,1,8,7,1,3,2,1,8,8,1,10,9,1,1,8,1
24.10.2023 18:53:23,8,4,9,10,1,9,8,9,1,8,9,1,9,8,1,9,9,8,10,9,1,3,3,1,4,10,3,9,7,6,8,7,2,1,10,8,8,10,1,10,9,1,3,10,1,8,9,1,9,6,1,9,9,1,10,9,1,4,6,1
11.11.2023 7:23:01,9,7,7,5,9,3,10,10,1,4,9,1,10,10,1,9,9,8,10,10,1,8,3,1,6,10,1,8,9,1,9,1,1,2,9,9,1,10,1,10,9,1,8,7,1,7,10,1,9,1,1,9,9,1,10,9,1,5,9,1
11.11.2023 9:33:29,10,9,1,7,9,1,10,10,1,8,7,1,10,10,1,10,10,8,10,10,1,8,6,1,8,9,1,8,7,1,9,3,1,6,10,8,8,10,1,10,9,1,9,9,1,9,9,1,9,6,1,9,9,1,10,10,1,8,9,1
12.11.2023 10:10:04,9,8,2,9,10,3,9,9,1,7,6,1,10,10,1,10,10,8,10,10,1,6,3,1,7,8,1,7,6,3,7,2,2,7,8,8,7,8,1,10,10,1,9,8,1,9,10,1,9,3,1,8,7,2,5,5,1,6,7,1
12.11.2023 17:45:12,9,8,1,7,10,2,10,10,3,6,6,1,10,9,1,9,8,7,10,10,1,6,4,1,8,7,3,7,7,3,9,2,1,6,7,7,9,10,1,9,8,1,10,8,1,8,9,1,9,3,1,7,7,1,7,7,1,6,7,1
13.11.2023 15:05:42,9,1,10,5,5,1,10,10,1,6,3,1,10,10,1,10,10,6,10,10,1,1,1,1,7,10,1,5,5,2,8,7,1,1,10,10,1,10,1,6,6,1,1,9,1,8,10,1,6,8,1,6,8,1,10,10,1,1,7,1
13.11.2023 15:17:53,9,1,1,9,6,3,10,10,1,9,7,1,10,9,1,8,8,5,10,10,1,6,2,1,7,9,1,7,4,4,9,1,1,5,9,7,3,10,1,9,8,1,6,7,1,8,9,1,7,4,1,8,9,1,10,9,1,7,8,1
13.11.2023 15:44:52,10,4,9,10,1,8,10,10,1,7,5,1,10,10,1,10,9,9,10,10,1,10,2,1,7,8,1,10,7,5,10,9,5,2,10,10,7,10,1,10,9,1,6,10,1,10,10,1,10,10,1,10,9,5,10,10,1,8,10,1
13.11.2023 16:02:34,8,1,5,3,1,7,9,8,1,7,2,1,10,9,1,9,6,3,10,8,1,1,1,1,3,2,1,5,2,1,3,1,1,1,7,8,2,10,1,8,6,1,3,9,1,4,9,1,3,8,1,7,8,1,10,8,1,2,8,1
13.11.2023 17:36:10,9,7,3,7,8,2,10,10,2,8,7,1,10,10,1,8,7,7,10,10,1,8,3,3,8,9,2,6,6,2,8,8,1,7,8,8,6,7,1,10,10,1,8,9,1,9,9,1,9,4,1,8,7,1,10,10,1,7,8,1
14.11.2023 18:42:38,9,6,2,8,10,2,9,9,1,6,6,1,10,10,1,9,9,7,10,10,1,8,5,1,8,9,4,8,8,1,9,4,2,4,8,8,7,9,1,10,10,1,8,8,1,9,9,1,9,4,1,7,8,1,9,9,1,8,9,1
15.11.2023 17:00:03,9,8,3,8,9,7,10,10,7,8,8,1,10,10,1,9,9,7,10,10,1,8,6,1,5,9,2,8,5,1,9,4,1,6,9,8,9,10,1,9,9,1,9,8,1,9,9,1,9,2,1,9,9,1,10,10,1,8,9,1
16.11.2023 21:05:30,9,8,2,6,8,7,9,8,2,8,8,1,10,10,1,9,9,6,10,10,1,9,5,1,9,9,2,9,9,2,9,4,1,7,8,8,8,9,1,10,10,1,9,9,1,9,9,1,9,4,1,9,8,1,9,9,1,9,10,1
17.11.2023 8:20:22,9,8,2,9,9,2,9,9,1,8,7,1,10,9,1,9,9,3,9,9,1,8,4,1,9,9,1,9,9,5,8,7,2,6,9,9,9,10,1,10,10,1,10,9,1,10,9,1,9,4,1,10,10,2,9,9,1,9,10,1
18.11.2023 7:34:07,,8,3,8,9,8,9,8,2,8,8,1,10,10,1,9,10,5,10,10,1,8,2,1,9,9,3,9,9,5,9,4,1,7,9,9,9,10,1,9,9,1,10,10,1,9,9,1,9,7,1,9,9,3,10,10,1,9,10,1
19.11.2023 10:53:51,9,8,3,8,9,9,8,8,2,8,8,1,9,9,1,9,9,6,9,9,1,9,5,1,9,8,1,9,9,6,9,5,2,6,9,9,9,10,1,9,9,1,9,9,1,8,9,1,9,4,1,8,9,1,9,9,1,9,10,1
20.11.2023 18:00:11,9,8,3,6,10,9,9,9,2,8,8,1,10,9,1,9,9,4,9,9,1,9,4,1,9,9,2,9,9,3,8,9,1,7,9,9,9,10,1,8,8,1,9,8,1,9,9,1,9,6,1,9,9,1,10,10,1,8,9,1